id;code;subject_name;created_by;last_modified_by
1;Nigeria Bahraini Dinar;intermediate Greens;system;system
2;Public-key intranet;robust;system;system
3;success;Bhutan capacitor;system;system
4;invoice Secured;Awesome;system;system
5;Berkshire generate Auto Loan Account;Granite Unbranded Fresh Pizza;system;system
6;orchid;capacitor;system;system
7;multi-byte;Checking Account;system;system
8;conglomeration;application Unbranded;system;system
9;Albania Program azure;supply-chains payment;system;system
10;Connecticut Developer Customer;frame connecting circuit;system;system
